snapshot_date,rank,path,title,count,uniques
2026-09-30,1,/danielep71/VBA-PROBABILITY-DISTRIBUTIONS,Overview,18,8
2026-09-30,2,/danielep71/VBA-PROBABILITY-DISTRIBUTIONS/graphs/traffic,/graphs/traffic,12,1
2026-09-30,3,/danielep71/VBA-PROBABILITY-DISTRIBUTIONS/pulse,/pulse,10,1
2026-09-30,4,/danielep71/VBA-PROBABILITY-DISTRIBUTIONS/wiki,/wiki,4,3
2026-09-30,5,/danielep71/VBA-PROBABILITY-DISTRIBUTIONS/wiki/Architecture,/wiki/Architecture,3,1
2026-09-30,6,/danielep71/VBA-PROBABILITY-DISTRIBUTIONS/blob/main/assets/banner2.png,/blob/main/assets/banner2.png,1,1
2026-09-30,7,/danielep71/VBA-PROBABILITY-DISTRIBUTIONS/blob/main/benchmark/accuracy_summary.md,/blob/main/benchmark/accuracy_summary.md,1,1
2026-09-30,8,/danielep71/VBA-PROBABILITY-DISTRIBUTIONS/blob/main/examples/STATS-Distributions demo.xlsm,/blob/main/examples/STATS-Distributions demo.xlsm,1,1
2026-09-30,9,/danielep71/VBA-PROBABILITY-DISTRIBUTIONS/issues,/issues,1,1
2026-09-30,10,/danielep71/VBA-PROBABILITY-DISTRIBUTIONS/pull/46,/pull/46,1,1
