snapshot_date,rank,referrer,count,uniques
2026-09-30,1,github.com,14,4
2026-09-30,2,github-com.btglss.net,1,1
2026-10-01,1,github.com,21,4
2026-10-01,2,github-com.btglss.net,1,1
2026-10-02,1,github.com,27,4
2026-10-02,2,github-com.btglss.net,1,1
2026-10-03,1,github.com,28,4
2026-10-03,2,github-com.btglss.net,1,1
2026-10-04,1,github.com,28,4
2026-10-04,2,github-com.btglss.net,1,1
2026-10-05,1,github.com,28,4
2026-10-05,2,github-com.btglss.net,1,1
2026-10-06,1,github.com,27,4
2026-10-06,2,github-com.btglss.net,1,1
2026-10-07,1,github.com,28,3
2026-10-07,2,github-com.btglss.net,1,1
2026-10-08,1,github.com,27,1
2026-10-08,2,github-com.btglss.net,1,1
2026-10-09,1,github.com,28,1
2026-10-09,2,github-com.btglss.net,1,1
