snapshot_date,snapshot_datetime_utc,views_14d,unique_views_14d,clones_14d,unique_clones_14d,stars,forks,watchers,open_issues
2026-09-30,2026-09-30T21:39:11+00:00,64,19,507,172,2,0,1,17
2026-10-01,2026-10-01T12:31:30+00:00,121,19,547,160,2,0,1,17
2026-10-02,2026-10-02T11:57:29+00:00,126,19,558,174,2,0,1,17
2026-10-03,2026-10-03T11:10:34+00:00,130,19,589,191,2,0,1,17
2026-10-04,2026-10-04T11:50:18+00:00,124,18,593,192,2,0,1,17
2026-10-05,2026-10-05T13:43:33+00:00,123,17,604,199,2,0,1,18
2026-10-06,2026-10-06T12:49:32+00:00,115,12,619,206,2,0,1,19
2026-10-07,2026-10-07T12:43:58+00:00,113,6,663,216,2,0,1,19
2026-10-08,2026-10-08T12:53:02+00:00,110,4,662,214,2,0,1,19
