date,views,unique_views,clones,unique_clones
2026-09-16,13,1,405,125
2026-09-17,3,1,74,32
2026-09-18,4,1,2,1
2026-09-19,6,1,1,1
2026-09-20,4,2,4,2
2026-09-21,8,6,5,3
2026-09-22,6,6,2,2
2026-09-23,4,2,3,2
2026-09-24,0,0,2,1
2026-09-25,1,1,0,0
2026-09-26,4,2,5,3
2026-09-27,0,0,2,2
2026-09-28,4,2,2,2
2026-09-29,7,1,0,0
2026-09-30,70,1,445,111
2026-10-01,8,1,85,48
2026-10-02,8,1,33,22
2026-10-03,0,0,5,3
2026-10-04,3,1,15,10
2026-10-05,0,0,20,11
2026-10-06,4,1,46,15
2026-10-07,1,1,2,1
2026-10-08,6,4,5,3
2026-10-09,4,2,220,76
